Ref,Val,Package,PosX,PosY,Rot,Side
"A1","Arduino Nano v3","Arduino_Nano",35.000000,-40.000000,90.000000,top
"C1","1000uF 10V","CP_Radial_D10.0mm_P5.00mm",45.000000,-60.000000,0.000000,top
"C2","1000uF 10V","CP_Radial_D10.0mm_P5.00mm",60.000000,-60.000000,0.000000,top
"C3","100nF","C_1206_3216Metric",83.000000,-61.000000,90.000000,top
"C4","10uF 50V","C_1206_3216Metric",31.000000,-15.000000,0.000000,top
"C5","10uF 16V","C_1206_3216Metric",43.000000,-15.000000,0.000000,top
"C6","100nF","C_1206_3216Metric",78.000000,-73.000000,90.000000,top
"D1","SS34","D_SMA",25.000000,-6.000000,180.000000,top
"D2","SS54 (crowbar inv. pol.)","D_SMC",35.000000,-64.000000,0.000000,top
"D3","verde VSERVO","LED_1206_3216Metric",72.000000,-61.000000,180.000000,top
"D4","blu STATO","LED_1206_3216Metric",86.000000,-45.000000,180.000000,top
"F1","0.5A","Fuse_1812_4532Metric",17.000000,-6.000000,0.000000,top
"F2","7.5A blade","Fuseholder_Blade_Mini_Keystone_3568",16.000000,-55.000000,0.000000,top
"J1","12V IN logica","TerminalBlock_Phoenix_MKDS-1,5-2-5.08_1x02_P5.08mm_Horizontal",5.500000,-12.000000,-90.000000,top
"J2","5-6V IN servo","TerminalBlock_Phoenix_MKDS-1,5-2-5.08_1x02_P5.08mm_Horizontal",5.500000,-55.000000,-90.000000,top
"J3","SERVO A_LR","PinHeader_1x03_P2.54mm_Vertical",104.000000,-10.000000,-90.000000,top
"J4","SERVO A_UD","PinHeader_1x03_P2.54mm_Vertical",104.000000,-17.000000,-90.000000,top
"J5","SERVO A_LID","PinHeader_1x03_P2.54mm_Vertical",104.000000,-24.000000,-90.000000,top
"J6","SERVO B_LR","PinHeader_1x03_P2.54mm_Vertical",104.000000,-35.000000,-90.000000,top
"J7","SERVO B_UD","PinHeader_1x03_P2.54mm_Vertical",104.000000,-42.000000,-90.000000,top
"J8","SERVO B_LID","PinHeader_1x03_P2.54mm_Vertical",104.000000,-49.000000,-90.000000,top
"J9","RS485 IN","TerminalBlock_Phoenix_MKDS-1,5-3-5.08_1x03_P5.08mm_Horizontal",58.000000,-84.000000,0.000000,top
"J10","RS485 OUT","TerminalBlock_Phoenix_MKDS-1,5-3-5.08_1x03_P5.08mm_Horizontal",75.000000,-84.000000,0.000000,top
"J11","AUX I2C/A6","PinHeader_1x05_P2.54mm_Vertical",24.000000,-86.000000,90.000000,top
"JP1","TERM 120R","PinHeader_1x02_P2.54mm_Vertical",55.000000,-71.500000,0.000000,top
"R1","220","R_1206_3216Metric",91.000000,-10.000000,0.000000,top
"R2","220","R_1206_3216Metric",91.000000,-17.000000,0.000000,top
"R3","220","R_1206_3216Metric",91.000000,-24.000000,0.000000,top
"R4","220","R_1206_3216Metric",91.000000,-35.000000,0.000000,top
"R5","220","R_1206_3216Metric",91.000000,-42.000000,0.000000,top
"R6","220","R_1206_3216Metric",91.000000,-49.000000,0.000000,top
"R7","120","R_1206_3216Metric",62.000000,-73.000000,90.000000,top
"R10","1k","R_1206_3216Metric",72.000000,-57.000000,0.000000,top
"R11","10k","R_1206_3216Metric",79.000000,-55.000000,90.000000,top
"R12","10k","R_1206_3216Metric",79.000000,-61.000000,90.000000,top
"R13","1k","R_1206_3216Metric",81.000000,-45.000000,0.000000,top
"SW1","ADDR","SW_DIP_SPSTx04_Slide_9.78x12.34mm_W7.62mm_P2.54mm",10.000000,-70.000000,0.000000,top
"U1","R-78E5.0-0.5","Converter_DCDC_RECOM_R-78E-0.5_THT",33.000000,-9.500000,0.000000,top
"U2","MAX485E","SOIC-8_3.9x4.9mm_P1.27mm",70.000000,-73.000000,0.000000,top
