"Riferimenti","Valore","Footprint","Qta"
"A1","Arduino Nano v3","Module:Arduino_Nano","1"
"C1,C2","1000uF 10V","Capacitor_THT:CP_Radial_D10.0mm_P5.00mm","2"
"C3,C6","100nF","Capacitor_SMD:C_1206_3216Metric","2"
"C4","10uF 50V","Capacitor_SMD:C_1206_3216Metric","1"
"C5","10uF 16V","Capacitor_SMD:C_1206_3216Metric","1"
"D1","SS34","Diode_SMD:D_SMA","1"
"D2","SS54 (crowbar inv. pol.)","Diode_SMD:D_SMC","1"
"D3","verde VSERVO","LED_SMD:LED_1206_3216Metric","1"
"D4","blu STATO","LED_SMD:LED_1206_3216Metric","1"
"F1","0.5A","Fuse:Fuse_1812_4532Metric","1"
"F2","7.5A blade","Fuse:Fuseholder_Blade_Mini_Keystone_3568","1"
"J1","12V IN logica","TerminalBlock_Phoenix:TerminalBlock_Phoenix_MKDS-1,5-2-5.08_1x02_P5.08mm_Horizontal","1"
"J2","5-6V IN servo","TerminalBlock_Phoenix:TerminalBlock_Phoenix_MKDS-1,5-2-5.08_1x02_P5.08mm_Horizontal","1"
"J3","SERVO A_LR","Connector_PinHeader_2.54mm:PinHeader_1x03_P2.54mm_Vertical","1"
"J4","SERVO A_UD","Connector_PinHeader_2.54mm:PinHeader_1x03_P2.54mm_Vertical","1"
"J5","SERVO A_LID","Connector_PinHeader_2.54mm:PinHeader_1x03_P2.54mm_Vertical","1"
"J6","SERVO B_LR","Connector_PinHeader_2.54mm:PinHeader_1x03_P2.54mm_Vertical","1"
"J7","SERVO B_UD","Connector_PinHeader_2.54mm:PinHeader_1x03_P2.54mm_Vertical","1"
"J8","SERVO B_LID","Connector_PinHeader_2.54mm:PinHeader_1x03_P2.54mm_Vertical","1"
"J9","RS485 IN","TerminalBlock_Phoenix:TerminalBlock_Phoenix_MKDS-1,5-3-5.08_1x03_P5.08mm_Horizontal","1"
"J10","RS485 OUT","TerminalBlock_Phoenix:TerminalBlock_Phoenix_MKDS-1,5-3-5.08_1x03_P5.08mm_Horizontal","1"
"J11","AUX I2C/A6","Connector_PinHeader_2.54mm:PinHeader_1x05_P2.54mm_Vertical","1"
"JP1","TERM 120R","Connector_PinHeader_2.54mm:PinHeader_1x02_P2.54mm_Vertical","1"
"R1-R6","220","Resistor_SMD:R_1206_3216Metric","6"
"R7","120","Resistor_SMD:R_1206_3216Metric","1"
"R10,R13","1k","Resistor_SMD:R_1206_3216Metric","2"
"R11,R12","10k","Resistor_SMD:R_1206_3216Metric","2"
"SW1","ADDR","Button_Switch_THT:SW_DIP_SPSTx04_Slide_9.78x12.34mm_W7.62mm_P2.54mm","1"
"U1","R-78E5.0-0.5","Converter_DCDC:Converter_DCDC_RECOM_R-78E-0.5_THT","1"
"U2","MAX485E","Package_SO:SOIC-8_3.9x4.9mm_P1.27mm","1"
